,code,time_key,open,close,high,low,pe_ratio,turnover_rate,volume,turnover,change_rate,last_close
0,HK_FUTURE.999010,2018-01-02 00:00:00,29955.0,30532.0,30566.0,29941.0,0.0,0.0,122833,3700314211.0,1.9262226673343346,29948.0
1,HK_FUTURE.999010,2018-01-03 00:00:00,30517.0,30615.0,30750.0,30493.0,0.0,0.0,142553,4338270249.0,0.27184593213677455,30532.0
2,HK_FUTURE.999010,2018-01-04 00:00:00,30616.0,30748.0,30795.0,30591.0,0.0,0.0,132472,4046318218.0,0.43442756818552997,30615.0
3,HK_FUTURE.999010,2018-01-05 00:00:00,30741.0,30764.0,30912.0,30693.0,0.0,0.0,120994,3697487777.0,0.05203590477429426,30748.0
4,HK_FUTURE.999010,2018-01-08 00:00:00,30771.0,30836.0,30950.0,30732.0,0.0,0.0,131331,4028133432.0,0.23403978676374984,30764.0
5,HK_FUTURE.999010,2018-01-09 00:00:00,30838.0,30985.0,31058.0,30711.0,0.0,0.0,135742,4144209789.0,0.4832014528473213,30836.0
6,HK_FUTURE.999010,2018-01-10 00:00:00,30997.0,31072.0,31300.0,30944.0,0.0,0.0,166528,5118194386.0,0.28078102307568176,30985.0
7,HK_FUTURE.999010,2018-01-11 00:00:00,31073.0,31094.0,31143.0,30981.0,0.0,0.0,132727,4095901965.0,0.07080329557157569,31072.0
8,HK_FUTURE.999010,2018-01-12 00:00:00,31093.0,31407.0,31409.0,31072.0,0.0,0.0,141713,4412218574.0,1.0066250723612273,31094.0
9,HK_FUTURE.999010,2018-01-15 00:00:00,31417.0,31320.0,31721.0,31278.0,0.0,0.0,181666,5695599527.0,-0.2770083102493075,31407.0
10,HK_FUTURE.999010,2018-01-16 00:00:00,31320.0,31908.0,31958.0,31304.0,0.0,0.0,188493,5928495128.0,1.8773946360153257,31320.0
11,HK_FUTURE.999010,2018-01-17 00:00:00,31910.0,31955.0,32015.0,31673.0,0.0,0.0,196763,6185923687.0,0.1472984831390247,31908.0
12,HK_FUTURE.999010,2018-01-18 00:00:00,31961.0,32061.0,32202.0,31837.0,0.0,0.0,209778,6665369132.0,0.33171647629478956,31955.0
13,HK_FUTURE.999010,2018-01-19 00:00:00,32075.0,32235.0,32248.0,31983.0,0.0,0.0,158946,5050690298.0,0.5427154486759614,32061.0
14,HK_FUTURE.999010,2018-01-22 00:00:00,32243.0,32349.0,32381.0,32011.0,0.0,0.0,167636,5348410020.0,0.35365286179618427,32235.0
15,HK_FUTURE.999010,2018-01-23 00:00:00,32346.0,32911.0,32930.0,32332.0,0.0,0.0,219289,7076821224.0,1.737302544128103,32349.0
16,HK_FUTURE.999010,2018-01-24 00:00:00,32906.0,32897.0,32998.0,32728.0,0.0,0.0,209898,6738782663.0,-0.04253896873385798,32911.0
17,HK_FUTURE.999010,2018-01-25 00:00:00,32903.0,32680.0,33096.0,32620.0,0.0,0.0,269150,8263982052.0,-0.6596346171383408,32897.0
18,HK_FUTURE.999010,2018-01-26 00:00:00,32699.0,33154.0,33203.0,32612.0,0.0,0.0,263808,8075121666.0,1.4504283965728275,32680.0
19,HK_FUTURE.999010,2018-01-29 00:00:00,33162.0,32900.0,33516.0,32854.0,0.0,0.0,211930,6876893718.0,-0.7661217349339446,33154.0
20,HK_FUTURE.999010,2018-01-30 00:00:00,32898.0,32728.0,32982.0,32653.0,0.0,0.0,30966,1011231867.0,-0.5227963525835867,32900.0
21,HK_FUTURE.999010,2018-01-31 00:00:00,32664.0,32844.0,32929.0,32293.0,0.0,0.0,249513,8059795333.0,0.35443656807626495,32728.0
22,HK_FUTURE.999010,2018-02-01 00:00:00,32844.0,32647.0,32991.0,32567.0,0.0,0.0,200005,6488262562.0,-0.5998051394470831,32844.0
23,HK_FUTURE.999010,2018-02-02 00:00:00,32641.0,32508.0,32743.0,32268.0,0.0,0.0,221736,7174125657.0,-0.42576653291267186,32647.0
24,HK_FUTURE.999010,2018-02-05 00:00:00,32498.0,32033.0,32498.0,31635.0,0.0,0.0,237885,7577646210.0,-1.4611787867601822,32508.0
25,HK_FUTURE.999010,2018-02-06 00:00:00,32066.0,30715.0,32204.0,30487.0,0.0,0.0,322514,9924140438.0,-4.114506914744171,32033.0
26,HK_FUTURE.999010,2018-02-07 00:00:00,30773.0,30194.0,31377.0,30067.0,0.0,0.0,310287,9437017640.0,-1.6962396223343643,30715.0
27,HK_FUTURE.999010,2018-02-08 00:00:00,30155.0,30354.0,30813.0,30111.0,0.0,0.0,241287,7274405816.0,0.5299066039610518,30194.0
28,HK_FUTURE.999010,2018-02-09 00:00:00,30375.0,29329.0,30426.0,29070.0,0.0,0.0,239530,6964192009.0,-3.376820188443039,30354.0
29,HK_FUTURE.999010,2018-02-12 00:00:00,29332.0,29422.0,29709.0,29000.0,0.0,0.0,180692,5265727741.0,0.31709229772580044,29329.0
30,HK_FUTURE.999010,2018-02-13 00:00:00,29483.0,29690.0,30089.0,29380.0,0.0,0.0,178427,5228144457.0,0.9108830127115765,29422.0
31,HK_FUTURE.999010,2018-02-14 00:00:00,29700.0,30301.0,30585.0,29517.0,0.0,0.0,155130,4612022710.0,2.057931963624116,29690.0
32,HK_FUTURE.999010,2018-02-15 00:00:00,30304.0,30965.0,31036.0,29955.0,0.0,0.0,105253,3161140936.0,2.191346820236956,30301.0
33,HK_FUTURE.999010,2018-02-20 00:00:00,31187.0,30754.0,31279.0,30608.0,0.0,0.0,136887,4214476797.0,-0.681414500242209,30965.0
34,HK_FUTURE.999010,2018-02-21 00:00:00,30747.0,31367.0,31392.0,30607.0,0.0,0.0,130758,3955063928.0,1.9932366521428106,30754.0
35,HK_FUTURE.999010,2018-02-22 00:00:00,31339.0,30950.0,31518.0,30887.0,0.0,0.0,166154,4701545796.0,-1.3294226416297383,31367.0
36,HK_FUTURE.999010,2018-02-23 00:00:00,30944.0,31177.0,31371.0,30907.0,0.0,0.0,191540,5324319329.0,0.7334410339256866,30950.0
37,HK_FUTURE.999010,2018-02-26 00:00:00,31170.0,31514.0,31552.0,31133.0,0.0,0.0,149069,4555788682.0,1.080925040895532,31177.0
38,HK_FUTURE.999010,2018-02-27 00:00:00,31520.0,31457.0,31775.0,31447.0,0.0,0.0,30208,946076175.0,-0.18087199339975885,31514.0
39,HK_FUTURE.999010,2018-02-28 00:00:00,31388.0,30732.0,31435.0,30662.0,0.0,0.0,179402,5502127865.0,-2.304733445655975,31457.0
40,HK_FUTURE.999010,2018-03-01 00:00:00,30788.0,31028.0,31083.0,30357.0,0.0,0.0,196471,5992644035.0,0.9631654301705064,30732.0
41,HK_FUTURE.999010,2018-03-02 00:00:00,31003.0,30534.0,31003.0,30428.0,0.0,0.0,185724,5601938391.0,-1.592110351940183,31028.0
42,HK_FUTURE.999010,2018-03-05 00:00:00,30513.0,29926.0,30675.0,29790.0,0.0,0.0,221660,6643561801.0,-1.9912228990633392,30534.0
43,HK_FUTURE.999010,2018-03-06 00:00:00,29954.0,30485.0,30595.0,29834.0,0.0,0.0,178299,5366334922.0,1.8679409209383144,29926.0
44,HK_FUTURE.999010,2018-03-07 00:00:00,30460.0,30201.0,30658.0,30060.0,0.0,0.0,211726,6398192147.0,-0.9316057077251108,30485.0
45,HK_FUTURE.999010,2018-03-08 00:00:00,30188.0,30661.0,30741.0,30116.0,0.0,0.0,163176,4928887089.0,1.5231283732326744,30201.0
46,HK_FUTURE.999010,2018-03-09 00:00:00,30671.0,30996.0,31044.0,30620.0,0.0,0.0,143315,4395249235.0,1.092593196568931,30661.0
47,HK_FUTURE.999010,2018-03-12 00:00:00,30991.0,31594.0,31640.0,30958.0,0.0,0.0,149597,4660676259.0,1.9292811975738806,30996.0
48,HK_FUTURE.999010,2018-03-13 00:00:00,31591.0,31586.0,31714.0,31442.0,0.0,0.0,138434,4361789436.0,-0.0253212635310502,31594.0
49,HK_FUTURE.999010,2018-03-14 00:00:00,31615.0,31453.0,31695.0,31112.0,0.0,0.0,167169,5200069008.0,-0.421072627113278,31586.0
50,HK_FUTURE.999010,2018-03-15 00:00:00,31461.0,31535.0,31620.0,31051.0,0.0,0.0,175992,5501732441.0,0.2607064508949862,31453.0
51,HK_FUTURE.999010,2018-03-16 00:00:00,31560.0,31450.0,31654.0,31268.0,0.0,0.0,156296,4879884235.0,-0.2695417789757413,31535.0
52,HK_FUTURE.999010,2018-03-19 00:00:00,31467.0,31393.0,31677.0,31209.0,0.0,0.0,144716,4537572912.0,-0.18124006359300476,31450.0
53,HK_FUTURE.999010,2018-03-20 00:00:00,31402.0,31548.0,31587.0,31111.0,0.0,0.0,175293,5477145208.0,0.4937406428184627,31393.0
54,HK_FUTURE.999010,2018-03-21 00:00:00,31525.0,31355.0,32005.0,31336.0,0.0,0.0,202233,6373759315.0,-0.6117661975402562,31548.0
55,HK_FUTURE.999010,2018-03-22 00:00:00,31372.0,31051.0,31704.0,30989.0,0.0,0.0,210046,6534578924.0,-0.9695423377451763,31355.0
56,HK_FUTURE.999010,2018-03-23 00:00:00,31022.0,30147.0,31022.0,29856.0,0.0,0.0,298489,8639200423.0,-2.911339409358797,31051.0
57,HK_FUTURE.999010,2018-03-26 00:00:00,30120.0,30532.0,30577.0,29938.0,0.0,0.0,266166,7413953588.0,1.2770756625866586,30147.0
58,HK_FUTURE.999010,2018-03-27 00:00:00,30522.0,30779.0,30949.0,30254.0,0.0,0.0,202642,6013953066.0,0.8089872920214857,30532.0
59,HK_FUTURE.999010,2018-03-28 00:00:00,30792.0,30338.0,30855.0,30307.0,0.0,0.0,36767,1121066695.0,-1.4327950875596998,30779.0
60,HK_FUTURE.999010,2018-03-29 00:00:00,29933.0,30050.0,30233.0,29752.0,0.0,0.0,227073,6710097298.0,-0.949304502603995,30338.0
61,HK_FUTURE.999010,2018-04-03 00:00:00,30060.0,30152.0,30318.0,29750.0,0.0,0.0,194483,5783777072.0,0.33943427620632277,30050.0
62,HK_FUTURE.999010,2018-04-04 00:00:00,30136.0,29405.0,30315.0,29343.0,0.0,0.0,225223,6712252652.0,-2.4774475988325815,30152.0
63,HK_FUTURE.999010,2018-04-06 00:00:00,29388.0,29837.0,29977.0,29147.0,0.0,0.0,209114,6165611931.0,1.4691379017173951,29405.0
64,HK_FUTURE.999010,2018-04-09 00:00:00,29848.0,30283.0,30580.0,29752.0,0.0,0.0,219307,6591842316.0,1.494788350035191,29837.0
65,HK_FUTURE.999010,2018-04-10 00:00:00,30260.0,30761.0,30816.0,30061.0,0.0,0.0,219631,6663012042.0,1.5784433510550473,30283.0
66,HK_FUTURE.999010,2018-04-11 00:00:00,30743.0,30891.0,31000.0,30624.0,0.0,0.0,187283,5724232922.0,0.422613048990605,30761.0
67,HK_FUTURE.999010,2018-04-12 00:00:00,30897.0,30767.0,31151.0,30605.0,0.0,0.0,213281,6562107632.0,-0.4014114143277977,30891.0
68,HK_FUTURE.999010,2018-04-13 00:00:00,30748.0,30867.0,31080.0,30706.0,0.0,0.0,174329,5360047574.0,0.3250235642084051,30767.0
69,HK_FUTURE.999010,2018-04-16 00:00:00,30876.0,30180.0,31000.0,30158.0,0.0,0.0,218859,6646627258.0,-2.2256779084459133,30867.0
70,HK_FUTURE.999010,2018-04-17 00:00:00,30189.0,30055.0,30527.0,29992.0,0.0,0.0,235251,7069179515.0,-0.414181577203446,30180.0
71,HK_FUTURE.999010,2018-04-18 00:00:00,30060.0,30313.0,30509.0,29955.0,0.0,0.0,254192,7661467412.0,0.8584262185992347,30055.0
72,HK_FUTURE.999010,2018-04-19 00:00:00,30329.0,30758.0,30791.0,30214.0,0.0,0.0,234075,7150639075.0,1.4680170223996305,30313.0
73,HK_FUTURE.999010,2018-04-20 00:00:00,30756.0,30358.0,30879.0,30317.0,0.0,0.0,242030,7379860852.0,-1.3004746732557384,30758.0
74,HK_FUTURE.999010,2018-04-23 00:00:00,30368.0,30243.0,30502.0,30145.0,0.0,0.0,247551,7320011645.0,-0.37881283351999473,30358.0
75,HK_FUTURE.999010,2018-04-24 00:00:00,30238.0,30637.0,30700.0,30165.0,0.0,0.0,276685,7811884179.0,1.3027808087821975,30243.0
76,HK_FUTURE.999010,2018-04-25 00:00:00,30642.0,30179.0,30782.0,30179.0,0.0,0.0,291449,8378254457.0,-1.4949244377713222,30637.0
77,HK_FUTURE.999010,2018-04-26 00:00:00,30185.0,30037.0,30455.0,29837.0,0.0,0.0,219810,6482206953.0,-0.4705258623546174,30179.0
78,HK_FUTURE.999010,2018-04-27 00:00:00,30044.0,30150.0,30310.0,30030.0,0.0,0.0,28984,870650111.0,0.3762026833571928,30037.0
79,HK_FUTURE.999010,2018-04-30 00:00:00,30042.0,30665.0,30724.0,30017.0,0.0,0.0,153389,4661215750.0,1.7081260364842457,30150.0
80,HK_FUTURE.999010,2018-05-02 00:00:00,30674.0,30555.0,30696.0,30392.0,0.0,0.0,202714,6141667973.0,-0.3587151475623675,30665.0
81,HK_FUTURE.999010,2018-05-03 00:00:00,30567.0,30056.0,30589.0,29901.0,0.0,0.0,238984,7175007103.0,-1.6331206021927673,30555.0
82,HK_FUTURE.999010,2018-05-04 00:00:00,30076.0,29780.0,30169.0,29644.0,0.0,0.0,268154,7997727930.0,-0.9182858663827522,30056.0
83,HK_FUTURE.999010,2018-05-07 00:00:00,29759.0,29757.0,30046.0,29575.0,0.0,0.0,252229,7506929806.0,-0.07723304231027536,29780.0
84,HK_FUTURE.999010,2018-05-08 00:00:00,29754.0,30202.0,30265.0,29679.0,0.0,0.0,209296,6268120390.0,1.4954464495748898,29757.0
85,HK_FUTURE.999010,2018-05-09 00:00:00,30197.0,30418.0,30420.0,30022.0,0.0,0.0,226974,6853873177.0,0.715184424872525,30202.0
86,HK_FUTURE.999010,2018-05-10 00:00:00,30420.0,30680.0,30700.0,30296.0,0.0,0.0,201510,6153064601.0,0.8613321059898744,30418.0
87,HK_FUTURE.999010,2018-05-11 00:00:00,30680.0,31094.0,31143.0,30626.0,0.0,0.0,210596,6456677418.0,1.349413298565841,30680.0
88,HK_FUTURE.999010,2018-05-14 00:00:00,31083.0,31456.0,31475.0,31037.0,0.0,0.0,186051,5784003203.0,1.1642117450311957,31094.0
89,HK_FUTURE.999010,2018-05-15 00:00:00,31472.0,30990.0,31499.0,30958.0,0.0,0.0,182405,5659793565.0,-1.4814343845371312,31456.0
90,HK_FUTURE.999010,2018-05-16 00:00:00,30996.0,30934.0,31085.0,30641.0,0.0,0.0,226124,6957164252.0,-0.18070345272668603,30990.0
91,HK_FUTURE.999010,2018-05-17 00:00:00,30917.0,30880.0,31320.0,30817.0,0.0,0.0,202799,6263579615.0,-0.174565203336135,30934.0
92,HK_FUTURE.999010,2018-05-18 00:00:00,30862.0,30896.0,31077.0,30782.0,0.0,0.0,185581,5721849145.0,0.05181347150259067,30880.0
93,HK_FUTURE.999010,2018-05-21 00:00:00,31127.0,31226.0,31407.0,30747.0,0.0,0.0,185741,5775166310.0,1.0680994303469704,30896.0
94,HK_FUTURE.999010,2018-05-23 00:00:00,31227.0,30545.0,31288.0,30522.0,0.0,0.0,205107,6297369862.0,-2.180874911932364,31226.0
95,HK_FUTURE.999010,2018-05-24 00:00:00,30551.0,30699.0,30768.0,30485.0,0.0,0.0,210121,6322383329.0,0.504174169258471,30545.0
96,HK_FUTURE.999010,2018-05-25 00:00:00,30701.0,30644.0,30762.0,30376.0,0.0,0.0,242836,6936382034.0,-0.17915893025831459,30699.0
97,HK_FUTURE.999010,2018-05-28 00:00:00,30655.0,30760.0,30858.0,30485.0,0.0,0.0,205584,5839496351.0,0.3785406604881869,30644.0
98,HK_FUTURE.999010,2018-05-29 00:00:00,30644.0,30424.0,30711.0,30418.0,0.0,0.0,134071,4008973196.0,-1.092327698309493,30760.0
99,HK_FUTURE.999010,2018-05-30 00:00:00,30416.0,30055.0,30486.0,29982.0,0.0,0.0,40186,1203519019.0,-1.2128582697870103,30424.0
100,HK_FUTURE.999010,2018-05-31 00:00:00,29871.0,30497.0,30513.0,29847.0,0.0,0.0,208072,6242106514.0,1.4706371651971386,30055.0
101,HK_FUTURE.999010,2018-06-01 00:00:00,30495.0,30395.0,30495.0,30239.0,0.0,0.0,208269,6308558568.0,-0.33445912712725845,30497.0
102,HK_FUTURE.999010,2018-06-04 00:00:00,30377.0,30899.0,30950.0,30364.0,0.0,0.0,183488,5635639242.0,1.658167461753578,30395.0
103,HK_FUTURE.999010,2018-06-05 00:00:00,30908.0,31063.0,31163.0,30812.0,0.0,0.0,191285,5888880738.0,0.530761513317583,30899.0
104,HK_FUTURE.999010,2018-06-06 00:00:00,31083.0,31201.0,31277.0,30946.0,0.0,0.0,186804,5797981264.0,0.44425844252003993,31063.0
105,HK_FUTURE.999010,2018-06-07 00:00:00,31223.0,31535.0,31544.0,31154.0,0.0,0.0,182866,5654974583.0,1.070478510304157,31201.0
106,HK_FUTURE.999010,2018-06-08 00:00:00,31510.0,30840.0,31513.0,30798.0,0.0,0.0,201297,6203437669.0,-2.203900428095767,31535.0
107,HK_FUTURE.999010,2018-06-11 00:00:00,30846.0,31043.0,31120.0,30818.0,0.0,0.0,175751,5432581931.0,0.6582360570687419,30840.0
108,HK_FUTURE.999010,2018-06-12 00:00:00,31043.0,31042.0,31237.0,30873.0,0.0,0.0,191085,5912108101.0,-0.0032213381438649614,31043.0
109,HK_FUTURE.999010,2018-06-13 00:00:00,31040.0,30743.0,31045.0,30637.0,0.0,0.0,167079,5135222437.0,-0.9632111333032666,31042.0
110,HK_FUTURE.999010,2018-06-14 00:00:00,30750.0,30412.0,30824.0,30270.0,0.0,0.0,212269,6460311256.0,-1.076667859350096,30743.0
111,HK_FUTURE.999010,2018-06-15 00:00:00,30431.0,30259.0,30576.0,30220.0,0.0,0.0,199765,6052129469.0,-0.5030908851769039,30412.0
112,HK_FUTURE.999010,2018-06-19 00:00:00,30260.0,29371.0,30295.0,29267.0,0.0,0.0,269265,7871574901.0,-2.93466406688919,30259.0
113,HK_FUTURE.999010,2018-06-20 00:00:00,29407.0,29665.0,29969.0,29304.0,0.0,0.0,278613,8189309047.0,1.000987368492731,29371.0
114,HK_FUTURE.999010,2018-06-21 00:00:00,29713.0,29296.0,29860.0,29234.0,0.0,0.0,270059,7927604746.0,-1.2438901061857408,29665.0
115,HK_FUTURE.999010,2018-06-22 00:00:00,29265.0,29335.0,29427.0,29007.0,0.0,0.0,262120,7604354413.0,0.1331239759694156,29296.0
116,HK_FUTURE.999010,2018-06-25 00:00:00,29341.0,28953.0,29453.0,28864.0,0.0,0.0,266574,7310925686.0,-1.302198738708028,29335.0
117,HK_FUTURE.999010,2018-06-26 00:00:00,28977.0,28945.0,29033.0,28476.0,0.0,0.0,324741,8730501493.0,-0.027630988153213826,28953.0
118,HK_FUTURE.999010,2018-06-27 00:00:00,28952.0,28372.0,29047.0,28275.0,0.0,0.0,231057,6497625508.0,-1.9796165140784245,28945.0
119,HK_FUTURE.999010,2018-06-28 00:00:00,28380.0,28401.0,28700.0,28302.0,0.0,0.0,45170,1282936877.0,0.10221344988016355,28372.0
120,HK_FUTURE.999010,2018-06-29 00:00:00,28254.0,28726.0,28765.0,28118.0,0.0,0.0,228140,6451946308.0,1.1443259040174643,28401.0
121,HK_FUTURE.999010,2018-07-03 00:00:00,28713.0,28317.0,28755.0,27775.0,0.0,0.0,305855,8465462660.0,-1.4237972568404929,28726.0
122,HK_FUTURE.999010,2018-07-04 00:00:00,28335.0,28046.0,28487.0,27928.0,0.0,0.0,240710,6743253363.0,-0.9570222834339797,28317.0
123,HK_FUTURE.999010,2018-07-05 00:00:00,28047.0,28197.0,28260.0,27720.0,0.0,0.0,253641,7077155635.0,0.5384011980318049,28046.0
124,HK_FUTURE.999010,2018-07-06 00:00:00,28193.0,28220.0,28493.0,27820.0,0.0,0.0,305850,8604891562.0,0.08156896123701103,28197.0
125,HK_FUTURE.999010,2018-07-09 00:00:00,28190.0,28725.0,28849.0,28089.0,0.0,0.0,220218,6264448828.0,1.7895109851169384,28220.0
126,HK_FUTURE.999010,2018-07-10 00:00:00,28721.0,28653.0,29013.0,28560.0,0.0,0.0,227882,6540189334.0,-0.25065274151436034,28725.0
127,HK_FUTURE.999010,2018-07-11 00:00:00,28619.0,28288.0,28699.0,27892.0,0.0,0.0,241933,6808499671.0,-1.273863120790144,28653.0
128,HK_FUTURE.999010,2018-07-12 00:00:00,28295.0,28487.0,28632.0,28162.0,0.0,0.0,203608,5761187820.0,0.7034785067873304,28288.0
129,HK_FUTURE.999010,2018-07-13 00:00:00,28500.0,28558.0,28769.0,28460.0,0.0,0.0,170936,4852467651.0,0.2492364938392951,28487.0
130,HK_FUTURE.999010,2018-07-16 00:00:00,28548.0,28510.0,28702.0,28300.0,0.0,0.0,200194,5680676281.0,-0.16807899712865046,28558.0
131,HK_FUTURE.999010,2018-07-17 00:00:00,28513.0,28194.0,28534.0,28121.0,0.0,0.0,186598,5245969538.0,-1.108383023500526,28510.0
132,HK_FUTURE.999010,2018-07-18 00:00:00,28208.0,28077.0,28410.0,28012.0,0.0,0.0,204548,5734281220.0,-0.4149819110449032,28194.0
133,HK_FUTURE.999010,2018-07-19 00:00:00,28087.0,28039.0,28315.0,27954.0,0.0,0.0,192109,5366518987.0,-0.13534209495316452,28077.0
134,HK_FUTURE.999010,2018-07-20 00:00:00,28026.0,28224.0,28299.0,27732.0,0.0,0.0,251667,7014623222.0,0.659795285138557,28039.0
135,HK_FUTURE.999010,2018-07-23 00:00:00,28238.0,28209.0,28382.0,28019.0,0.0,0.0,223833,6300808742.0,-0.053146258503401364,28224.0
136,HK_FUTURE.999010,2018-07-24 00:00:00,28212.0,28643.0,28713.0,28164.0,0.0,0.0,187232,5265366334.0,1.5385160764295085,28209.0
137,HK_FUTURE.999010,2018-07-25 00:00:00,28645.0,28909.0,28973.0,28645.0,0.0,0.0,216582,5665589980.0,0.9286736724505115,28643.0
138,HK_FUTURE.999010,2018-07-26 00:00:00,28912.0,28743.0,29113.0,28616.0,0.0,0.0,239316,6415278629.0,-0.574215642187554,28909.0
139,HK_FUTURE.999010,2018-07-27 00:00:00,28745.0,28729.0,28836.0,28587.0,0.0,0.0,170083,4756326034.0,-0.048707511394078556,28743.0
140,HK_FUTURE.999010,2018-07-30 00:00:00,28715.0,28644.0,28837.0,28582.0,0.0,0.0,29414,842491873.0,-0.2958682864005012,28729.0
141,HK_FUTURE.999010,2018-07-31 00:00:00,28679.0,28433.0,28793.0,28423.0,0.0,0.0,173585,4914553645.0,-0.736628962435414,28644.0
142,HK_FUTURE.999010,2018-08-01 00:00:00,28450.0,28295.0,28828.0,28163.0,0.0,0.0,214393,6067339607.0,-0.4853515281539057,28433.0
143,HK_FUTURE.999010,2018-08-02 00:00:00,28284.0,27605.0,28334.0,27500.0,0.0,0.0,245585,6821862721.0,-2.438593391058491,28295.0
144,HK_FUTURE.999010,2018-08-03 00:00:00,27581.0,27613.0,27758.0,27444.0,0.0,0.0,201312,5503657137.0,0.028980257199782648,27605.0
145,HK_FUTURE.999010,2018-08-06 00:00:00,27609.0,27728.0,28016.0,27609.0,0.0,0.0,217626,6038817351.0,0.416470503023938,27613.0
146,HK_FUTURE.999010,2018-08-07 00:00:00,27720.0,28204.0,28234.0,27701.0,0.0,0.0,208781,5818363144.0,1.71667628390075,27728.0
147,HK_FUTURE.999010,2018-08-08 00:00:00,28218.0,28234.0,28374.0,28142.0,0.0,0.0,187096,5271457626.0,0.10636789107927953,28204.0
148,HK_FUTURE.999010,2018-08-09 00:00:00,28226.0,28531.0,28659.0,28060.0,0.0,0.0,207742,5873667458.0,1.051923213147269,28234.0
149,HK_FUTURE.999010,2018-08-10 00:00:00,28536.0,28213.0,28646.0,28173.0,0.0,0.0,174985,4958187355.0,-1.1145771266341875,28531.0
150,HK_FUTURE.999010,2018-08-13 00:00:00,28221.0,27867.0,28266.0,27704.0,0.0,0.0,201643,5602581269.0,-1.2263849998227767,28213.0
151,HK_FUTURE.999010,2018-08-14 00:00:00,27881.0,27637.0,28024.0,27444.0,0.0,0.0,214987,5941283063.0,-0.8253489790791977,27867.0
152,HK_FUTURE.999010,2018-08-15 00:00:00,27623.0,27231.0,27728.0,27150.0,0.0,0.0,215689,5880397513.0,-1.4690451206715633,27637.0
153,HK_FUTURE.999010,2018-08-16 00:00:00,27219.0,27044.0,27366.0,26642.0,0.0,0.0,295772,7945155790.0,-0.6867173442032977,27231.0
154,HK_FUTURE.999010,2018-08-17 00:00:00,27063.0,27136.0,27332.0,27005.0,0.0,0.0,183083,4946686818.0,0.3401863629640586,27044.0
155,HK_FUTURE.999010,2018-08-20 00:00:00,27135.0,27519.0,27555.0,26875.0,0.0,0.0,221843,6039430474.0,1.4114091981132075,27136.0
156,HK_FUTURE.999010,2018-08-21 00:00:00,27519.0,27627.0,27700.0,27432.0,0.0,0.0,187503,5122525426.0,0.3924561212253352,27519.0
157,HK_FUTURE.999010,2018-08-22 00:00:00,27629.0,27855.0,27907.0,27498.0,0.0,0.0,209065,5762746286.0,0.8252796177652297,27627.0
158,HK_FUTURE.999010,2018-08-23 00:00:00,27865.0,27687.0,27982.0,27580.0,0.0,0.0,202768,5609555557.0,-0.6031233171782444,27855.0
159,HK_FUTURE.999010,2018-08-24 00:00:00,27699.0,27595.0,27782.0,27447.0,0.0,0.0,200220,5444279606.0,-0.3322859103550403,27687.0
160,HK_FUTURE.999010,2018-08-27 00:00:00,27594.0,28252.0,28273.0,27520.0,0.0,0.0,210850,5549811242.0,2.380866098930966,27595.0
161,HK_FUTURE.999010,2018-08-28 00:00:00,28255.0,28292.0,28549.0,28201.0,0.0,0.0,219449,5802061652.0,0.14158289678606825,28252.0
162,HK_FUTURE.999010,2018-08-29 00:00:00,28285.0,28345.0,28474.0,28190.0,0.0,0.0,139159,3817735050.0,0.1873321080164004,28292.0
163,HK_FUTURE.999010,2018-08-30 00:00:00,28338.0,28239.0,28574.0,28227.0,0.0,0.0,28132,795306359.0,-0.37396366202152054,28345.0
164,HK_FUTURE.999010,2018-08-31 00:00:00,28063.0,27765.0,28069.0,27634.0,0.0,0.0,193667,5372492918.0,-1.6785296929777969,28239.0
165,HK_FUTURE.999010,2018-09-03 00:00:00,27747.0,27645.0,27860.0,27516.0,0.0,0.0,182631,5037272592.0,-0.4321988114532685,27765.0
166,HK_FUTURE.999010,2018-09-04 00:00:00,27646.0,27882.0,27950.0,27452.0,0.0,0.0,209063,5747823791.0,0.8572978838849702,27645.0
167,HK_FUTURE.999010,2018-09-05 00:00:00,27877.0,27104.0,27877.0,27100.0,0.0,0.0,258151,7072073768.0,-2.790330679291299,27882.0
168,HK_FUTURE.999010,2018-09-06 00:00:00,27119.0,26986.0,27224.0,26768.0,0.0,0.0,267986,7207748358.0,-0.43536009445100354,27104.0
169,HK_FUTURE.999010,2018-09-07 00:00:00,26988.0,26835.0,27165.0,26584.0,0.0,0.0,280535,7526226132.0,-0.5595493959831024,26986.0
170,HK_FUTURE.999010,2018-09-10 00:00:00,26858.0,26631.0,26892.0,26356.0,0.0,0.0,250759,6618567242.0,-0.7602012297372834,26835.0
171,HK_FUTURE.999010,2018-09-11 00:00:00,26640.0,26305.0,26711.0,26290.0,0.0,0.0,247146,6532536460.0,-1.2241372836168374,26631.0
172,HK_FUTURE.999010,2018-09-12 00:00:00,26286.0,26341.0,26436.0,26020.0,0.0,0.0,272067,7102428708.0,0.13685611100551226,26305.0
173,HK_FUTURE.999010,2018-09-13 00:00:00,26328.0,26987.0,27040.0,26222.0,0.0,0.0,275973,7303453358.0,2.452450552370829,26341.0
174,HK_FUTURE.999010,2018-09-14 00:00:00,26983.0,27255.0,27345.0,26959.0,0.0,0.0,254679,6886075792.0,0.9930707377626264,26987.0
175,HK_FUTURE.999010,2018-09-17 00:00:00,27265.0,26891.0,27282.0,26711.0,0.0,0.0,225060,6032948319.0,-1.3355347642634379,27255.0
176,HK_FUTURE.999010,2018-09-18 00:00:00,26890.0,27041.0,27169.0,26605.0,0.0,0.0,275785,7368754274.0,0.5578074448700309,26891.0
177,HK_FUTURE.999010,2018-09-19 00:00:00,27051.0,27411.0,27494.0,27017.0,0.0,0.0,240228,6524429972.0,1.3682925927295588,27041.0
178,HK_FUTURE.999010,2018-09-20 00:00:00,27403.0,27459.0,27625.0,27294.0,0.0,0.0,245712,6702110761.0,0.17511218124110758,27411.0
179,HK_FUTURE.999010,2018-09-21 00:00:00,27456.0,27940.0,27982.0,27456.0,0.0,0.0,282994,7640993116.0,1.7517025383298734,27459.0
180,HK_FUTURE.999010,2018-09-24 00:00:00,27945.0,27465.0,27945.0,27388.0,0.0,0.0,192251,4914022029.0,-1.7000715819613457,27940.0
181,HK_FUTURE.999010,2018-09-26 00:00:00,27465.0,27818.0,28037.0,27393.0,0.0,0.0,230938,6161107939.0,1.285272164573093,27465.0
182,HK_FUTURE.999010,2018-09-27 00:00:00,27823.0,27742.0,27929.0,27710.0,0.0,0.0,41966,1165225896.0,-0.27320440002875834,27818.0
183,HK_FUTURE.999010,2018-09-28 00:00:00,27707.0,27877.0,27935.0,27649.0,0.0,0.0,221516,6142848901.0,0.4866267752865691,27742.0
184,HK_FUTURE.999010,2018-10-02 00:00:00,27874.0,26994.0,27874.0,26991.0,0.0,0.0,222295,6036967747.0,-3.167485740933386,27877.0
185,HK_FUTURE.999010,2018-10-03 00:00:00,26991.0,27057.0,27252.0,26871.0,0.0,0.0,212171,5692649199.0,0.23338519671038008,26994.0
186,HK_FUTURE.999010,2018-10-04 00:00:00,27019.0,26563.0,27175.0,26490.0,0.0,0.0,203632,5368706807.0,-1.8257752152862474,27057.0
187,HK_FUTURE.999010,2018-10-05 00:00:00,26556.0,26459.0,26632.0,26243.0,0.0,0.0,202559,5331734828.0,-0.3915220419380341,26563.0
188,HK_FUTURE.999010,2018-10-08 00:00:00,26459.0,26147.0,26771.0,26128.0,0.0,0.0,263452,6915269818.0,-1.179182886730413,26459.0
189,HK_FUTURE.999010,2018-10-09 00:00:00,26147.0,26060.0,26342.0,25971.0,0.0,0.0,262286,6843698311.0,-0.3327341568822427,26147.0
190,HK_FUTURE.999010,2018-10-10 00:00:00,26061.0,26165.0,26470.0,25947.0,0.0,0.0,264343,6905412547.0,0.4029163468917882,26060.0
191,HK_FUTURE.999010,2018-10-11 00:00:00,26173.0,25187.0,26256.0,25123.0,0.0,0.0,309253,7797962548.0,-3.737817695394611,26165.0
192,HK_FUTURE.999010,2018-10-12 00:00:00,25186.0,25690.0,25788.0,25080.0,0.0,0.0,322935,8193176912.0,1.9970619764164053,25187.0
193,HK_FUTURE.999010,2018-10-15 00:00:00,25676.0,25343.0,25777.0,25330.0,0.0,0.0,233336,5932863435.0,-1.3507201245620863,25690.0
194,HK_FUTURE.999010,2018-10-16 00:00:00,25340.0,25387.0,25680.0,25208.0,0.0,0.0,258268,6523007853.0,0.1736179615672967,25343.0
195,HK_FUTURE.999010,2018-10-18 00:00:00,25380.0,25407.0,25775.0,25211.0,0.0,0.0,251213,6350916754.0,0.07878047819750267,25387.0
196,HK_FUTURE.999010,2018-10-19 00:00:00,25402.0,25457.0,25723.0,25046.0,0.0,0.0,312860,7926100685.0,0.19679615853898533,25407.0
197,HK_FUTURE.999010,2018-10-22 00:00:00,25474.0,26132.0,26222.0,25382.0,0.0,0.0,298404,7676156018.0,2.651530031032722,25457.0
198,HK_FUTURE.999010,2018-10-23 00:00:00,26134.0,25336.0,26163.0,25266.0,0.0,0.0,316388,8086629401.0,-3.0460737792744528,26132.0
199,HK_FUTURE.999010,2018-10-24 00:00:00,25305.0,25212.0,25654.0,25050.0,0.0,0.0,375655,9468308144.0,-0.4894221660877802,25336.0
200,HK_FUTURE.999010,2018-10-25 00:00:00,25205.0,24896.0,25408.0,24601.0,0.0,0.0,338502,8126071547.0,-1.2533714104394733,25212.0
201,HK_FUTURE.999010,2018-10-26 00:00:00,24893.0,24657.0,25146.0,24526.0,0.0,0.0,342444,8007819164.0,-0.9599935732647814,24896.0
202,HK_FUTURE.999010,2018-10-29 00:00:00,24634.0,24765.0,24997.0,24457.0,0.0,0.0,275217,6647990169.0,0.43800949020562113,24657.0
203,HK_FUTURE.999010,2018-10-30 00:00:00,24771.0,24722.0,25041.0,24572.0,0.0,0.0,54546,1352176220.0,-0.17363214213607914,24765.0
204,HK_FUTURE.999010,2018-10-31 00:00:00,24578.0,24911.0,24961.0,24474.0,0.0,0.0,268862,6629788235.0,0.7645012539438557,24722.0
205,HK_FUTURE.999010,2018-11-01 00:00:00,24919.0,25342.0,25516.0,24858.0,0.0,0.0,262464,6590028016.0,1.730159367347758,24911.0
206,HK_FUTURE.999010,2018-11-02 00:00:00,25350.0,26493.0,26502.0,25323.0,0.0,0.0,330517,8479823874.0,4.541867255938758,25342.0
207,HK_FUTURE.999010,2018-11-05 00:00:00,26486.0,25897.0,26758.0,25720.0,0.0,0.0,300022,7756238332.0,-2.249650851168233,26493.0
208,HK_FUTURE.999010,2018-11-06 00:00:00,25886.0,26036.0,26166.0,25799.0,0.0,0.0,238349,6157159723.0,0.5367417075336911,25897.0
209,HK_FUTURE.999010,2018-11-07 00:00:00,26032.0,26161.0,26524.0,25861.0,0.0,0.0,299744,7804057499.0,0.48010447073283147,26036.0
210,HK_FUTURE.999010,2018-11-08 00:00:00,26164.0,26224.0,26614.0,26104.0,0.0,0.0,234765,6147912472.0,0.2408164825503612,26161.0
211,HK_FUTURE.999010,2018-11-09 00:00:00,26204.0,25462.0,26229.0,25407.0,0.0,0.0,234982,5999468950.0,-2.9057352043929225,26224.0
212,HK_FUTURE.999010,2018-11-12 00:00:00,25461.0,25551.0,25753.0,25312.0,0.0,0.0,232106,5907528576.0,0.3495404917131411,25462.0
213,HK_FUTURE.999010,2018-11-13 00:00:00,25546.0,25837.0,25859.0,25006.0,0.0,0.0,304766,7700723601.0,1.1193299675159485,25551.0
214,HK_FUTURE.999010,2018-11-14 00:00:00,25807.0,25554.0,25993.0,25430.0,0.0,0.0,256305,6555767279.0,-1.0953284050005805,25837.0
215,HK_FUTURE.999010,2018-11-15 00:00:00,25538.0,26047.0,26136.0,25476.0,0.0,0.0,275740,7089254844.0,1.9292478672614854,25554.0
216,HK_FUTURE.999010,2018-11-16 00:00:00,26034.0,26115.0,26193.0,25785.0,0.0,0.0,269548,6981205211.0,0.26106653357392406,26047.0
217,HK_FUTURE.999010,2018-11-19 00:00:00,26107.0,26290.0,26378.0,25958.0,0.0,0.0,245693,6418935037.0,0.6701129618992916,26115.0
218,HK_FUTURE.999010,2018-11-20 00:00:00,26280.0,25794.0,26317.0,25700.0,0.0,0.0,238240,6144968765.0,-1.886648915937619,26290.0
219,HK_FUTURE.999010,2018-11-21 00:00:00,25775.0,25903.0,25976.0,25414.0,0.0,0.0,278766,7111281598.0,0.42257889431650775,25794.0
220,HK_FUTURE.999010,2018-11-22 00:00:00,25916.0,25931.0,26204.0,25810.0,0.0,0.0,208517,5387201872.0,0.10809558738370073,25903.0
221,HK_FUTURE.999010,2018-11-23 00:00:00,25927.0,25895.0,26036.0,25755.0,0.0,0.0,187420,4826359500.0,-0.13882997184836682,25931.0
222,HK_FUTURE.999010,2018-11-26 00:00:00,25876.0,26402.0,26427.0,25772.0,0.0,0.0,260678,6313339695.0,1.9579069318401237,25895.0
223,HK_FUTURE.999010,2018-11-27 00:00:00,26404.0,26256.0,26512.0,26138.0,0.0,0.0,270864,6705559576.0,-0.5529884099689418,26402.0
224,HK_FUTURE.999010,2018-11-28 00:00:00,26338.0,26612.0,26722.0,26197.0,0.0,0.0,196863,5046178977.0,1.3558805606337598,26256.0
225,HK_FUTURE.999010,2018-11-29 00:00:00,26612.0,26590.0,26946.0,26523.0,0.0,0.0,36889,979943676.0,-0.08266947241845785,26612.0
226,HK_FUTURE.999010,2018-11-30 00:00:00,26441.0,26531.0,26730.0,26321.0,0.0,0.0,241879,6323103841.0,-0.22188792779240316,26590.0
227,HK_FUTURE.999010,2018-12-03 00:00:00,26525.0,27284.0,27326.0,26435.0,0.0,0.0,230268,6169863220.0,2.8381892880027135,26531.0
228,HK_FUTURE.999010,2018-12-04 00:00:00,27278.0,27271.0,27329.0,27041.0,0.0,0.0,229925,6190820477.0,-0.04764697258466501,27284.0
229,HK_FUTURE.999010,2018-12-05 00:00:00,27266.0,26765.0,27296.0,26724.0,0.0,0.0,198791,5294555175.0,-1.8554508452201972,27271.0
230,HK_FUTURE.999010,2018-12-06 00:00:00,26790.0,26160.0,26905.0,26006.0,0.0,0.0,234129,6084370032.0,-2.2604147207173546,26765.0
231,HK_FUTURE.999010,2018-12-07 00:00:00,26130.0,26075.0,26308.0,25814.0,0.0,0.0,206332,5334735582.0,-0.32492354740061163,26160.0
232,HK_FUTURE.999010,2018-12-10 00:00:00,26096.0,25704.0,26369.0,25551.0,0.0,0.0,206137,5267747633.0,-1.4228187919463087,26075.0
233,HK_FUTURE.999010,2018-12-11 00:00:00,25740.0,25715.0,25862.0,25403.0,0.0,0.0,207086,5288723050.0,0.0427948957360722,25704.0
234,HK_FUTURE.999010,2018-12-12 00:00:00,25714.0,26238.0,26275.0,25710.0,0.0,0.0,206946,5388850379.0,2.0338323935446234,25715.0
235,HK_FUTURE.999010,2018-12-13 00:00:00,26245.0,26529.0,26626.0,26245.0,0.0,0.0,210354,5496603510.0,1.1090784358563917,26238.0
236,HK_FUTURE.999010,2018-12-14 00:00:00,26515.0,26040.0,26515.0,26020.0,0.0,0.0,178713,4611283780.0,-1.8432658600022616,26529.0
237,HK_FUTURE.999010,2018-12-17 00:00:00,26028.0,26077.0,26231.0,25920.0,0.0,0.0,174641,4544427114.0,0.14208909370199693,26040.0
238,HK_FUTURE.999010,2018-12-18 00:00:00,26098.0,25820.0,26193.0,25700.0,0.0,0.0,235511,6082504895.0,-0.9855428155079189,26077.0
239,HK_FUTURE.999010,2018-12-19 00:00:00,25852.0,25923.0,26018.0,25784.0,0.0,0.0,170795,4333739410.0,0.39891556932610384,25820.0
240,HK_FUTURE.999010,2018-12-20 00:00:00,25918.0,25534.0,26094.0,25374.0,0.0,0.0,245605,6070766042.0,-1.5005979246229217,25923.0
241,HK_FUTURE.999010,2018-12-21 00:00:00,25569.0,25657.0,25793.0,25307.0,0.0,0.0,265914,6148330229.0,0.48171066029607584,25534.0
242,HK_FUTURE.999010,2018-12-24 00:00:00,25645.0,25626.0,25806.0,25400.0,0.0,0.0,158491,3997487264.0,-0.12082472619558016,25657.0
243,HK_FUTURE.999010,2018-12-27 00:00:00,25880.0,25394.0,25940.0,25322.0,0.0,0.0,152988,3900173807.0,-0.9053305236868805,25626.0
244,HK_FUTURE.999010,2018-12-28 00:00:00,25355.0,25504.0,25584.0,25216.0,0.0,0.0,44099,1112909448.0,0.433173190517445,25394.0
245,HK_FUTURE.999010,2018-12-31 00:00:00,25588.0,25854.0,26000.0,25545.0,0.0,0.0,95331,2432081491.0,1.3723337515683813,25504.0
246,HK_FUTURE.999010,2019-01-02 00:00:00,25856.0,24975.0,25868.0,24975.0,0.0,0.0,192591,4752547037.0,-3.3998607565560452,25854.0
247,HK_FUTURE.999010,2019-01-03 00:00:00,25030.0,25057.0,25363.0,24876.0,0.0,0.0,214870,5349553137.0,0.3283283283283283,24975.0
248,HK_FUTURE.999010,2019-01-04 00:00:00,25055.0,25601.0,25659.0,24893.0,0.0,0.0,241647,6095294868.0,2.171050005986351,25057.0
249,HK_FUTURE.999010,2019-01-07 00:00:00,25600.0,25865.0,26098.0,25588.0,0.0,0.0,201556,5154653680.0,1.0312097183703761,25601.0
250,HK_FUTURE.999010,2019-01-08 00:00:00,25835.0,25903.0,26006.0,25713.0,0.0,0.0,197696,5090067498.0,0.14691668277595205,25865.0
251,HK_FUTURE.999010,2019-01-09 00:00:00,25917.0,26515.0,26652.0,25915.0,0.0,0.0,229676,6011551389.0,2.362660695672316,25903.0
252,HK_FUTURE.999010,2019-01-10 00:00:00,26518.0,26470.0,26636.0,26228.0,0.0,0.0,232699,6102980775.0,-0.16971525551574582,26515.0
253,HK_FUTURE.999010,2019-01-11 00:00:00,26464.0,26696.0,26746.0,26461.0,0.0,0.0,200761,5267956167.0,0.8537967510389121,26470.0
254,HK_FUTURE.999010,2019-01-14 00:00:00,26706.0,26302.0,26738.0,26164.0,0.0,0.0,180421,4731777665.0,-1.4758765358106083,26696.0
255,HK_FUTURE.999010,2019-01-15 00:00:00,26302.0,26752.0,26874.0,26254.0,0.0,0.0,222858,5913230089.0,1.71089650977112,26302.0
256,HK_FUTURE.999010,2019-01-16 00:00:00,26731.0,26905.0,26938.0,26559.0,0.0,0.0,198999,5308077229.0,0.5719198564593302,26752.0
257,HK_FUTURE.999010,2019-01-17 00:00:00,26890.0,26769.0,27041.0,26666.0,0.0,0.0,236847,6327666089.0,-0.5054822523694481,26905.0
258,HK_FUTURE.999010,2019-01-18 00:00:00,26785.0,27100.0,27144.0,26764.0,0.0,0.0,187737,5014990048.0,1.23650491239867,26769.0
259,HK_FUTURE.999010,2019-01-21 00:00:00,27102.0,27240.0,27361.0,27013.0,0.0,0.0,191089,5164406596.0,0.5166051660516605,27100.0
260,HK_FUTURE.999010,2019-01-22 00:00:00,27201.0,27003.0,27271.0,26835.0,0.0,0.0,197115,5290828396.0,-0.870044052863436,27240.0
261,HK_FUTURE.999010,2019-01-23 00:00:00,27006.0,26985.0,27160.0,26875.0,0.0,0.0,201371,5390614339.0,-0.0666592600822131,27003.0
262,HK_FUTURE.999010,2019-01-24 00:00:00,27018.0,27096.0,27164.0,26872.0,0.0,0.0,195639,5254135170.0,0.41133963312951644,26985.0
263,HK_FUTURE.999010,2019-01-25 00:00:00,27112.0,27602.0,27618.0,27104.0,0.0,0.0,242207,6092432501.0,1.8674343076468851,27096.0
264,HK_FUTURE.999010,2019-01-28 00:00:00,27618.0,27557.0,27814.0,27453.0,0.0,0.0,234904,6007807965.0,-0.16303166437214694,27602.0
265,HK_FUTURE.999010,2019-01-29 00:00:00,27557.0,27566.0,27620.0,27325.0,0.0,0.0,186757,5037187987.0,0.03265957832855536,27557.0
266,HK_FUTURE.999010,2019-01-30 00:00:00,27567.0,27552.0,27666.0,27375.0,0.0,0.0,31017,851990099.0,-0.050787201625190445,27566.0
267,HK_FUTURE.999010,2019-01-31 00:00:00,27648.0,28055.0,28075.0,27625.0,0.0,0.0,177785,4921681965.0,1.8256387921022066,27552.0
268,HK_FUTURE.999010,2019-02-01 00:00:00,28012.0,27862.0,28200.0,27743.0,0.0,0.0,168996,4703941762.0,-0.6879344145428622,28055.0
269,HK_FUTURE.999010,2019-02-04 00:00:00,27855.0,27826.0,27950.0,27726.0,0.0,0.0,64912,1792019800.0,-0.129208240614457,27862.0
270,HK_FUTURE.999010,2019-02-08 00:00:00,27662.0,27951.0,27960.0,27450.0,0.0,0.0,110639,3039159568.0,0.4492201538129807,27826.0
271,HK_FUTURE.999010,2019-02-11 00:00:00,27957.0,28130.0,28158.0,27758.0,0.0,0.0,146730,4045415104.0,0.6404064255303925,27951.0
272,HK_FUTURE.999010,2019-02-12 00:00:00,28144.0,28123.0,28220.0,27916.0,0.0,0.0,149565,4113752702.0,-0.024884464984002843,28130.0
273,HK_FUTURE.999010,2019-02-13 00:00:00,28117.0,28400.0,28509.0,28102.0,0.0,0.0,180495,5067371323.0,0.9849589304128294,28123.0
274,HK_FUTURE.999010,2019-02-14 00:00:00,28393.0,28339.0,28498.0,28218.0,0.0,0.0,181169,5118230137.0,-0.21478873239436622,28400.0
275,HK_FUTURE.999010,2019-02-15 00:00:00,28329.0,27867.0,28397.0,27781.0,0.0,0.0,198436,5482206602.0,-1.665549243092558,28339.0
276,HK_FUTURE.999010,2019-02-18 00:00:00,27880.0,28334.0,28384.0,27879.0,0.0,0.0,161265,4485280290.0,1.6758172749129794,27867.0
277,HK_FUTURE.999010,2019-02-19 00:00:00,28323.0,28155.0,28448.0,28128.0,0.0,0.0,171896,4838179199.0,-0.6317498411802075,28334.0
278,HK_FUTURE.999010,2019-02-20 00:00:00,28145.0,28510.0,28573.0,28038.0,0.0,0.0,194987,5420656276.0,1.2608772864500088,28155.0
279,HK_FUTURE.999010,2019-02-21 00:00:00,28515.0,28655.0,28799.0,28363.0,0.0,0.0,229597,6466416106.0,0.5085934759733427,28510.0
280,HK_FUTURE.999010,2019-02-22 00:00:00,28653.0,28806.0,28864.0,28417.0,0.0,0.0,243015,6334354535.0,0.5269586459605654,28655.0
281,HK_FUTURE.999010,2019-02-25 00:00:00,28866.0,28890.0,29018.0,28740.0,0.0,0.0,291716,7996023297.0,0.29160591543428455,28806.0
282,HK_FUTURE.999010,2019-02-26 00:00:00,28912.0,28727.0,29114.0,28702.0,0.0,0.0,226032,6306898061.0,-0.5642090688819661,28890.0
283,HK_FUTURE.999010,2019-02-27 00:00:00,28728.0,28864.0,28959.0,28685.0,0.0,0.0,33765,969800345.0,0.47690326173982667,28727.0
284,HK_FUTURE.999010,2019-02-28 00:00:00,28732.0,28666.0,28913.0,28563.0,0.0,0.0,217501,6163880083.0,-0.6859756097560976,28864.0
285,HK_FUTURE.999010,2019-03-01 00:00:00,28684.0,28730.0,28840.0,28580.0,0.0,0.0,194901,5567880206.0,0.2232610060699086,28666.0
286,HK_FUTURE.999010,2019-03-04 00:00:00,28740.0,28885.0,29255.0,28642.0,0.0,0.0,230364,6586111123.0,0.5395057431256526,28730.0
287,HK_FUTURE.999010,2019-03-05 00:00:00,28880.0,28890.0,28989.0,28617.0,0.0,0.0,244476,7031625034.0,0.01731002250302925,28885.0
288,HK_FUTURE.999010,2019-03-06 00:00:00,28897.0,29029.0,29086.0,28846.0,0.0,0.0,204771,5891746917.0,0.481135340948425,28890.0
289,HK_FUTURE.999010,2019-03-07 00:00:00,29030.0,28723.0,29093.0,28723.0,0.0,0.0,224130,6367276341.0,-1.0541182954976058,29029.0
290,HK_FUTURE.999010,2019-03-08 00:00:00,28745.0,28236.0,28782.0,28176.0,0.0,0.0,245411,6921072262.0,-1.6955053441492882,28723.0
291,HK_FUTURE.999010,2019-03-11 00:00:00,28240.0,28485.0,28530.0,28016.0,0.0,0.0,216826,6107931063.0,0.8818529536761581,28236.0
292,HK_FUTURE.999010,2019-03-12 00:00:00,28480.0,28905.0,28990.0,28445.0,0.0,0.0,201199,5766447317.0,1.474460242232754,28485.0
293,HK_FUTURE.999010,2019-03-13 00:00:00,28918.0,28817.0,28966.0,28710.0,0.0,0.0,218910,6241943683.0,-0.3044455976474658,28905.0
294,HK_FUTURE.999010,2019-03-14 00:00:00,28828.0,28898.0,28997.0,28675.0,0.0,0.0,215000,6180033980.0,0.28108408231252385,28817.0
295,HK_FUTURE.999010,2019-03-15 00:00:00,28900.0,29046.0,29250.0,28756.0,0.0,0.0,226883,6543974973.0,0.5121461692850716,28898.0
296,HK_FUTURE.999010,2019-03-18 00:00:00,29050.0,29385.0,29444.0,29039.0,0.0,0.0,220224,6414807608.0,1.167114232596571,29046.0
297,HK_FUTURE.999010,2019-03-19 00:00:00,29381.0,29494.0,29541.0,29335.0,0.0,0.0,208917,6088310792.0,0.3709375531733878,29385.0
298,HK_FUTURE.999010,2019-03-20 00:00:00,29500.0,29326.0,29630.0,29261.0,0.0,0.0,219384,6426861687.0,-0.5696073777717502,29494.0
299,HK_FUTURE.999010,2019-03-21 00:00:00,29339.0,29117.0,29477.0,29071.0,0.0,0.0,234001,6792447508.0,-0.7126781695423856,29326.0
300,HK_FUTURE.999010,2019-03-22 00:00:00,29100.0,29085.0,29270.0,28838.0,0.0,0.0,248188,7133274898.0,-0.10990143215303773,29117.0
301,HK_FUTURE.999010,2019-03-25 00:00:00,29065.0,28519.0,29065.0,28422.0,0.0,0.0,260407,6903107649.0,-1.9460202853704658,29085.0
302,HK_FUTURE.999010,2019-03-26 00:00:00,28539.0,28540.0,28755.0,28410.0,0.0,0.0,264192,6981292712.0,0.07363512044601844,28519.0
303,HK_FUTURE.999010,2019-03-27 00:00:00,28543.0,28685.0,28789.0,28531.0,0.0,0.0,209002,5788401363.0,0.5080588647512264,28540.0
304,HK_FUTURE.999010,2019-03-28 00:00:00,28689.0,28719.0,28745.0,28532.0,0.0,0.0,38960,1113294855.0,0.11852884782987624,28685.0
305,HK_FUTURE.999010,2019-03-29 00:00:00,28797.0,29077.0,29181.0,28735.0,0.0,0.0,198927,5750119881.0,1.2465615098018734,28719.0
306,HK_FUTURE.999010,2019-04-01 00:00:00,29072.0,29586.0,29681.0,29034.0,0.0,0.0,182712,5363300179.0,1.7505244695119853,29077.0
307,HK_FUTURE.999010,2019-04-02 00:00:00,29580.0,29739.0,29749.0,29565.0,0.0,0.0,173456,5115690943.0,0.5171364834719124,29586.0
308,HK_FUTURE.999010,2019-04-03 00:00:00,29737.0,29963.0,30059.0,29644.0,0.0,0.0,205078,6111317247.0,0.7532196778640842,29739.0
309,HK_FUTURE.999010,2019-04-04 00:00:00,29953.0,30003.0,30131.0,29810.0,0.0,0.0,204048,6054339680.0,0.13349798084303977,29963.0
310,HK_FUTURE.999010,2019-04-08 00:00:00,29993.0,30127.0,30220.0,29965.0,0.0,0.0,197904,5916371051.0,0.41329200413292005,30003.0
311,HK_FUTURE.999010,2019-04-09 00:00:00,30118.0,30204.0,30295.0,30071.0,0.0,0.0,184192,5469586094.0,0.2555846914727653,30127.0
312,HK_FUTURE.999010,2019-04-10 00:00:00,30216.0,30121.0,30272.0,29944.0,0.0,0.0,196077,5807664479.0,-0.2747980399947027,30204.0
313,HK_FUTURE.999010,2019-04-11 00:00:00,30129.0,29821.0,30225.0,29799.0,0.0,0.0,225472,6734774368.0,-0.9959828690946516,30121.0
314,HK_FUTURE.999010,2019-04-12 00:00:00,29821.0,29950.0,29991.0,29706.0,0.0,0.0,196892,5821061556.0,0.4325810670332986,29821.0
315,HK_FUTURE.999010,2019-04-15 00:00:00,29978.0,29825.0,30336.0,29767.0,0.0,0.0,247236,7428069458.0,-0.41736227045075125,29950.0
316,HK_FUTURE.999010,2019-04-16 00:00:00,29828.0,30124.0,30189.0,29684.0,0.0,0.0,224247,6684494591.0,1.002514668901928,29825.0
317,HK_FUTURE.999010,2019-04-17 00:00:00,30131.0,30157.0,30205.0,30008.0,0.0,0.0,210541,6322303370.0,0.10954720488646925,30124.0
318,HK_FUTURE.999010,2019-04-18 00:00:00,30146.0,29940.0,30235.0,29882.0,0.0,0.0,209133,6267954653.0,-0.719567596246311,30157.0
319,HK_FUTURE.999010,2019-04-23 00:00:00,29954.0,29950.0,30109.0,29742.0,0.0,0.0,236577,6961576513.0,0.033400133600534405,29940.0
320,HK_FUTURE.999010,2019-04-24 00:00:00,29939.0,29760.0,30129.0,29650.0,0.0,0.0,301520,8228099838.0,-0.6343906510851419,29950.0
321,HK_FUTURE.999010,2019-04-25 00:00:00,29772.0,29516.0,29853.0,29501.0,0.0,0.0,283968,7831987915.0,-0.8198924731182796,29760.0
322,HK_FUTURE.999010,2019-04-26 00:00:00,29540.0,29578.0,29685.0,29412.0,0.0,0.0,229279,6608012185.0,0.2100555630844288,29516.0
323,HK_FUTURE.999010,2019-04-29 00:00:00,29570.0,29818.0,29835.0,29547.0,0.0,0.0,42037,1232002496.0,0.8114138887010616,29578.0
324,HK_FUTURE.999010,2019-04-30 00:00:00,29667.0,29467.0,29681.0,29368.0,0.0,0.0,207188,6080241222.0,-1.1771413240324637,29818.0
325,HK_FUTURE.999010,2019-05-02 00:00:00,29468.0,29658.0,29737.0,29391.0,0.0,0.0,146552,4305300089.0,0.6481827128652391,29467.0
326,HK_FUTURE.999010,2019-05-03 00:00:00,29672.0,29863.0,29875.0,29412.0,0.0,0.0,173037,5105914678.0,0.6912131633960483,29658.0
327,HK_FUTURE.999010,2019-05-06 00:00:00,29862.0,28970.0,30047.0,28687.0,0.0,0.0,260542,7506663770.0,-2.9903224726249875,29863.0
328,HK_FUTURE.999010,2019-05-07 00:00:00,28939.0,29106.0,29242.0,28909.0,0.0,0.0,250172,7207583111.0,0.46945115636865725,28970.0
329,HK_FUTURE.999010,2019-05-08 00:00:00,29086.0,28793.0,29086.0,28619.0,0.0,0.0,249086,7155812227.0,-1.0753796468082182,29106.0
330,HK_FUTURE.999010,2019-05-09 00:00:00,28750.0,28024.0,28798.0,28005.0,0.0,0.0,320030,9008764607.0,-2.6707880387594205,28793.0
331,HK_FUTURE.999010,2019-05-10 00:00:00,28057.0,28327.0,28588.0,27754.0,0.0,0.0,346051,9729708633.0,1.0812161004852983,28024.0
332,HK_FUTURE.999010,2019-05-14 00:00:00,28312.0,27854.0,28374.0,27602.0,0.0,0.0,255371,7073661563.0,-1.6697850107671126,28327.0
333,HK_FUTURE.999010,2019-05-15 00:00:00,27880.0,28063.0,28169.0,27790.0,0.0,0.0,235589,6551579088.0,0.7503410641200546,27854.0
334,HK_FUTURE.999010,2019-05-16 00:00:00,28068.0,28087.0,28160.0,27791.0,0.0,0.0,241755,6744852525.0,0.08552186152585255,28063.0
335,HK_FUTURE.999010,2019-05-17 00:00:00,28090.0,27730.0,28317.0,27673.0,0.0,0.0,243901,6762759036.0,-1.27105066400826,28087.0
336,HK_FUTURE.999010,2019-05-20 00:00:00,27715.0,27622.0,27850.0,27524.0,0.0,0.0,230005,6330816809.0,-0.3894698882077173,27730.0
337,HK_FUTURE.999010,2019-05-21 00:00:00,27620.0,27553.0,27828.0,27333.0,0.0,0.0,228492,6268583711.0,-0.24980088335384837,27622.0
338,HK_FUTURE.999010,2019-05-22 00:00:00,27539.0,27608.0,27718.0,27495.0,0.0,0.0,201355,5501368697.0,0.1996152869016078,27553.0
339,HK_FUTURE.999010,2019-05-23 00:00:00,27615.0,27227.0,27673.0,27120.0,0.0,0.0,232130,6289478154.0,-1.3800347725297015,27608.0
340,HK_FUTURE.999010,2019-05-24 00:00:00,27227.0,27307.0,27438.0,27121.0,0.0,0.0,203521,5503180149.0,0.2938259815624197,27227.0
341,HK_FUTURE.999010,2019-05-27 00:00:00,27314.0,27226.0,27353.0,27068.0,0.0,0.0,232072,5904897414.0,-0.2966272384370308,27307.0
342,HK_FUTURE.999010,2019-05-28 00:00:00,27236.0,27323.0,27449.0,27178.0,0.0,0.0,227751,5450038618.0,0.3562770880775729,27226.0
343,HK_FUTURE.999010,2019-05-29 00:00:00,27316.0,27228.0,27448.0,27139.0,0.0,0.0,203152,5272068013.0,-0.34769242030523734,27323.0
344,HK_FUTURE.999010,2019-05-30 00:00:00,27221.0,27100.0,27319.0,27042.0,0.0,0.0,36020,977607127.0,-0.47010430439253703,27228.0
345,HK_FUTURE.999010,2019-05-31 00:00:00,26929.0,26717.0,27033.0,26703.0,0.0,0.0,204378,5461516102.0,-1.4132841328413284,27100.0
346,HK_FUTURE.999010,2019-06-03 00:00:00,26727.0,26711.0,26828.0,26578.0,0.0,0.0,209680,5561008217.0,-0.02245761125874911,26717.0
347,HK_FUTURE.999010,2019-06-04 00:00:00,26747.0,26608.0,26886.0,26505.0,0.0,0.0,218535,5780663455.0,-0.3856089251619183,26711.0
348,HK_FUTURE.999010,2019-06-05 00:00:00,26629.0,26811.0,27004.0,26586.0,0.0,0.0,216246,5691824756.0,0.7629284425736621,26608.0
349,HK_FUTURE.999010,2019-06-06 00:00:00,26815.0,26848.0,26879.0,26671.0,0.0,0.0,180818,4791165702.0,0.13800305844616015,26811.0
350,HK_FUTURE.999010,2019-06-10 00:00:00,26844.0,27469.0,27516.0,26773.0,0.0,0.0,196932,5346084095.0,2.313021454112038,26848.0
351,HK_FUTURE.999010,2019-06-11 00:00:00,27458.0,27688.0,27756.0,27436.0,0.0,0.0,186314,5067756167.0,0.7972623684881139,27469.0
352,HK_FUTURE.999010,2019-06-12 00:00:00,27688.0,27122.0,27770.0,27106.0,0.0,0.0,196294,5286173155.0,-2.044206876625253,27688.0
353,HK_FUTURE.999010,2019-06-13 00:00:00,27120.0,27153.0,27199.0,26702.0,0.0,0.0,251590,6752152990.0,0.11429835557849716,27122.0
354,HK_FUTURE.999010,2019-06-14 00:00:00,27170.0,27043.0,27243.0,26952.0,0.0,0.0,180689,4870761215.0,-0.40511177402128673,27153.0
355,HK_FUTURE.999010,2019-06-17 00:00:00,27048.0,27147.0,27446.0,26907.0,0.0,0.0,196319,5320397102.0,0.38457271752394334,27043.0
356,HK_FUTURE.999010,2019-06-18 00:00:00,27157.0,27442.0,27519.0,27096.0,0.0,0.0,207009,5606728413.0,1.0866762441522082,27147.0
357,HK_FUTURE.999010,2019-06-19 00:00:00,27459.0,28146.0,28197.0,27447.0,0.0,0.0,237289,6560276909.0,2.5654106843524525,27442.0
358,HK_FUTURE.999010,2019-06-20 00:00:00,28146.0,28515.0,28519.0,28080.0,0.0,0.0,209015,5859900242.0,1.3110211042421658,28146.0
359,HK_FUTURE.999010,2019-06-21 00:00:00,28519.0,28422.0,28688.0,28298.0,0.0,0.0,220454,6211457329.0,-0.32614413466596526,28515.0
360,HK_FUTURE.999010,2019-06-24 00:00:00,28437.0,28422.0,28605.0,28314.0,0.0,0.0,212534,5538115464.0,0.0,28422.0
361,HK_FUTURE.999010,2019-06-25 00:00:00,28414.0,28158.0,28489.0,28079.0,0.0,0.0,254822,6430266071.0,-0.9288579269579903,28422.0
362,HK_FUTURE.999010,2019-06-26 00:00:00,28156.0,28190.0,28275.0,27989.0,0.0,0.0,194176,5185754720.0,0.11364443497407486,28158.0
363,HK_FUTURE.999010,2019-06-27 00:00:00,28209.0,28519.0,28526.0,28209.0,0.0,0.0,38679,1096233319.0,1.1670805250088683,28190.0
364,HK_FUTURE.999010,2019-06-28 00:00:00,28553.0,28505.0,28579.0,28367.0,0.0,0.0,154443,4362946228.0,-0.049090080297345635,28519.0
